"HolderAddress","Balance","PendingBalanceUpdate"
"0x000000000000084e91743124a982076c59f10084","1E-18","No"
"0x000000003a7cd5b15e460f73976b267544726f5f","1E-18","No"
"0x00000000e8080db3ed60313725643d38bec42071","1E-18","No"
"0x00064e885741ed13a122c5a115999e05c71b8fca","981.303684203194","No"
"0x005202d060f11aed313155c47a7b67e564b711a9","2779","No"
"0x0068657be4a1c725c9adb482dd81c3fe6e993723","14286.428","No"
"0x00bf64d4eb99027d12844242ae079fda98ff190b","2999.99","No"
"0x01082fb97d775a813f098e66ac058bb8a39ac636","3333.33","No"
"0x01975a07d85f8ec242e46241086889f2cfed9390","5445.66","No"
"0x01fbf02bf3fa2eb633de2bafe66d9e74b254732d","3.2449702683837E-05","No"
"0x026d5432d00603118052104a1d9f6bf5f4c8370f","1000","No"
"0x0272272c1dabf0b3d44fe04cf6a60e7d054d35a2","1395","No"
"0x0349a7d94300fa6b1421fc179810bbb806783e78","3135","No"
"0x03732001ee0e4973ebcffa899fdc3d20f8c62ba6","3333.33","No"
"0x03a13b51afedaac32fd63092c0dc75e00536096d","4489.16947533275","No"
"0x03decd01cd3bf0d17bd72c4f93717b16fc7eb5c4","2779.66","No"
"0x03fafd57aa4297f1d8e19d77864023f92e40f0e8","5019","No"
"0x0403869884098e9be561d70f359410b3c8d7d008","1373","No"
"0x040ad6745f76dcaf701269771d35a6be8db25611","2517.47549570282","No"
"0x0448a4b641f2201bb5f1dcf0154ea31c6123eb91","1390","No"
"0x04b70588f0327a668d6ab01e9a05aca642a896d9","5489.9517584713","No"
"0x050dc17e18a32a7df6c66a6134edbd811d3de0c7","786.865627299082","No"
"0x05aec30b6135a83982594f16e8f6cb53524baf63","0.24810903277307","No"
"0x05b59a7b5fbf505a5eb776093ecfeca7ca5a1b40","2666.66","No"
"0x05feec927dafa6860318efb6bfe71670a681f6c6","1000","No"
"0x06411875930317f075e3d0ef77cc4201b94b3e7b","1050.9263576485","No"
"0x0678c3d4af29325a508987476257edc18376e98d","203.599104840018","No"
"0x070868995a75cf6ef082521a6ef781cd1051e6a3","2161.818182","No"
"0x0788b0bb180b8308b0485d7c7876bfdaf0cfbb24","2666.66","No"
"0x07cf8046ea42144628774e3f1d4377958654a469","22380.8668383161","No"
"0x07faf7104a87505b3c513f4b08e0aefc8aa745af","1366.96965456514","No"
"0x081156109b8f90355bb994add15dd37e59daeddf","1390","No"
"0x082f6dfdafca0be0ca181764cbfaa018d5c2e1f1","2779","No"
"0x083ef6250f8ecc5c709b0d216db4715b25d8197a","7861.24570461161","No"
"0x0905640979b4200c2a0bb5224931cd32f8586086","4816.50310024863","No"
"0x0925d5d9e238a2aca1a3d898e7f6b096e9a3bbf9","2222","No"
"0x09545b0488d6e7a01c7c970062607d66ced7919b","39166","No"
"0x09cba546a88cf031ffd69a21565e41e9ca69108b","20286000","No"
"0x09f1313f95688c6661d3265c15f7177bac2a36ae","245.900528134409","No"
"0x0a2dc66bde44a7a3401efc88f385387370716a3c","2868","No"
"0x0ac22f4a7ab99a2d91ec07be204d89978d67ec74","2957","No"
"0x0b2afb81e2b8ee737cfb9076701f6bd372389d6c","435.586716074571","No"
"0x0ca2038076bfc135c3896ec2556b9804b4f8437e","42462.12455","No"
"0x0cc6be3f7457cdeb481c741f7e3e3d21afccd648","999.889554359442","No"
"0x0cc8cc6af893f53b71ef8d651643891fb900a62d","1239.2787539031","No"
"0x0cfcbcdede6b895b62bf4ff9fa1cb2885c833c8a","1390","No"
"0x0d5fcf03a7ec4b86e921acda39041d62c8611646","1660.68851945681","No"
"0x0d78a4b2657dd319ae1f47ce5e529d03e984cef5","253.297028326039","No"
"0x0d7aebfeecf5e34267b07fbd76a7d65a7afd3e85","24645.5187201313","No"
"0x0e2e091221b1d79cce17f240515443dc139c7d90","9E-06","No"
"0x0e2eeedab80299eb17f6ca34b580d1b6f07cdb4f","100","No"
"0x0e5b233019b448f0379c2f1e712bffe9a52c4770","8159.0909","No"
"0x0e798c02481b2a91a766f8434a34876f5c0f5627","1666.66","No"
"0x0ed67daaacf97acf041cc65f04a632a8811347ff","28571.428","No"
"0x0fa13b977023b214faf134ebee6989596cc6a8bb","5837.74974946595","No"
"0x0fd9f323ce7ec7f2d43607da21de16d5bd191564","3642.59960911826","No"
"0x101348fe2dcc4bcc2d612d738ffaa0eb0b60f25a","125000.552012702","No"
"0x106c0c39b338f5b62653ee4f053b05fad34d2eab","3313","No"
"0x106f8813639a2336b4de56a5933699898f238680","417.8228712383","No"
"0x10994d96cf30f52a55775ec6d2e7076b901fae4f","50.66","No"
"0x10d2a05f4118f9a78059261bce3a69889daa5ddb","1.8208E-14","No"
"0x111cd92405b1dfbd19882d361418f49d99d8fed8","100","No"
"0x11ededebf63bef0ea2d2d071bdf88f71543ec6fb","74.3535988136051","No"
"0x1224c0fb81a5399c6fd4eef4cd575de2d4e88e0e","4113","No"
"0x12b27e7b549424cbc9ef6d026bcc19c7ecd01658","4469","No"
"0x12f243b1bb39094a61ef15ffdd499f441b4a11e9","2666.66","No"
"0x134fecb53a9658bf0c90e444b74d950612f0ed66","1111.9209","No"
"0x1367774923cc42c5ec14ae3d62214ece32134db9","3224","No"
"0x1374c83bf4af8e0c847d449840bb7a9b0963a1c8","2000.33","No"
"0x137c7faf20d97878477266b653c041fdce1ad2d5","900","No"
"0x13bf9729e2d9b15b1331e17b0df70679c4ec3ae3","13029.0008067901","No"
"0x143d8092e4834a9925709f118655e96e080ebdb2","443.975134342889","No"
"0x147f5ff38649d55a05332a789835edae19955ba9","1066.66","No"
"0x14dd64c4a0e510db0540e629f1172f21651aa4bb","2868","No"
"0x152309b84969901b452f098c2df57d99bac60628","629","No"
"0x15735d481dadf3dcb8be78f716be048112796ba4","2501","No"
"0x15d45c4fb6c0e47f5c122aa365f0520f8631a3f0","1390","No"
"0x15e72dec660a08adeac519ebf9557aa65ed2b0b2","12815.4746684773","No"
"0x1653be56ab8fc7221d2fb9c668d557f3786352d4","46942.1722187799","No"
"0x165d05a115d2ce3f51fce8dcbaf4600f1f587318","3333.33","No"
"0x171d53ec7358d52cc511299e8f68c9f608509f4a","770.697054583719","No"
"0x17791d6ff5f70191cd87b05199a7fcef891e82b0","2104.05315695799","No"
"0x17ba21021dea4f56d54e68edbd6c717b220d6eea","2084","No"
"0x17c271094ad3ef1ca1d41bbf9261b8f68645323b","3402","No"
"0x17cbe6c7570a285c5705b386431b0413fd588182","90909.09091","No"
"0x18be3c31562e8434a4d6abaa2ca43514aa68aae7","3313","No"
"0x194f0fe6d4dfbf198868b1b507cd74122fbfebcc","2222","No"
"0x19f2c8d9b9d53f34f6f5cb15a59f871ee5da6dc1","2957","No"
"0x1a1398f7793db92169804728c411073f67f1f094","1500","No"
"0x1a5687c53aed45cbeff6a06a781aad48d741e82f","2779","No"
"0x1a59b358628329f28b43d1342328aa24496df024","1390","No"
"0x1a780d53503898813fa1b34e8ec6ac7b3a5b703e","49847.0765759507","No"
"0x1ab91c9b3676bbcb00e9a981f7fc93a0dc3952b5","3333.33","No"
"0x1adc23820d69c9ce3517c01b0a2fb09fe1f79d0d","1079.71358950351","No"
"0x1add90cfe379ad9c56c36522a3a4d33e89032671","10537.8698260976","No"
"0x1afde41a98a9960a5dc785090149bb1740c8478f","2084","No"
"0x1b02d9f14226bc0a7f3b56050ffcc54bba9fc4b3","1333.33","No"
"0x1b0a04f2aeb752b121e844995728e7554fcd66e3","0.000171653430713169","No"
"0x1b96779d52c563d9eb3774db60cf8d15721a3ec5","7389.79282846326","No"
"0x1bbb8bb26e71f414a98d9dc43e20acc7d1dbb481","5300","No"
"0x1c44c2e11ae2a199090eefb7b6d01cbb0d54d8b6","2868","No"
"0x1c73bc26ef79a60d0f77416f31126cff1d4a75d0","3402","No"
"0x1cbfb1210dab27208d124bd4a78a1f077df25d9f","4073.69736215069","No"
"0x1cff36debd53eeb3264fd75497356132c4067632","5.67952E-13","No"
"0x1d15395f781e9e13bf77fc34f1663d6d3543c7fe","1016.5871860923","No"
"0x1d755e6a6ea440e6cc065bc72a9f392d434652da","2779","No"
"0x1d7b13d2c5c130e698dffaa11d76adabc787f269","134.880591808461","No"
"0x1db395f32f357456713385bf1690ecfe685d6d31","2222","No"
"0x1e0524190ca967a21f1e8f95bcf9e6bfd2592ce2","4361.90952412433","No"
"0x1ecc5195e99cd964530b1cf9172013458129d36a","3046","No"
"0x1ef961f9656c7d57d1a8d2588a69f1d33d0ee317","3333.33","No"
"0x1efaae0e169ba20f64961e1b141f2ee4955836a1","54764.4713059955","No"
"0x1fc7393c49209b68fcf3c154d7a4bc463bcd6916","2779","No"
"0x203dd71d893ac0ccb893e192d513003c6ef556ef","2000","No"
"0x20eb59772deaad3753364bb30c43134ea6028ef4","5067.32057198067","No"
"0x2103ec21738600f18691106ad3e3d5e474b57b51","3333.33","No"
"0x211e6fb9bff54e10e3ebc09876027fe349bb106e","66.66","No"
"0x2134f00a5f9d41943e05455ca50e0997e3739847","1390.35859940607","No"
"0x218aa60078d6cb4dbd073fabe853643ce07d2a42","353.493260599878","No"
"0x219ee5a37d1ea8f5dd9893791fdd85e593202be0","7149.65495050828","No"
"0x23de132c9816a6820e671647ee4b8bf823b3bfde","2000","No"
"0x23eb46c6e7ee9501db4332c0d594ae09e0974de8","750","No"
"0x24668bf7cf97145a7046eca265cbe375c27e2e8e","17775","No"
"0x258a113c0c61e301705d9bb3c7777275f8182f5d","5180","No"
"0x26124caa9929fad751bdf274966487ba8d54d333","863.7","No"
"0x26580cd31b80eed4f9c52729d773ffaff49d1609","1390","No"
"0x26860caaaea40bdf507772b1f386f11cd97bb4b3","1700","No"
"0x274f3c32c90517975e29dfc209a23f315c1e5fc7","33269.8515299685","No"
"0x278661b1262a07cf4c6368c2f317929438ee9b42","3584.85891802568","No"
"0x27e049927fe7d31c233f180cdd60f20b86e3b736","15028","No"
"0x27e1e2177a1f4434c4bb8b1362b150965120200b","2640","No"
"0x2803c7bc05a4c05e819958948aedce76afa41068","3333.33","No"
"0x282ecd101b2164743d44ca3227b0514f8dd8d4f9","2075.21721628492","No"
"0x28e2f2fc606931181ad91100b0807e13c764498d","35108.98","No"
"0x28e672a29a5a059f5e7b84ef3c11e4d1019ac540","3333.33","No"
"0x2927865b551cbbd5a04a602a655c6fd04ace4951","2779","No"
"0x292ab49b360d63700b2b5c2236122ad91dff55c1","3774.15644299891","No"
"0x2938b2a7ebf9a59645e39d51ec5eca2869d6c53d","22857.2","No"
"0x298e2c503406fce4890aec2fd19e843dfd1c345e","2666.66","No"
"0x299d092b0425a626036b4146a774f6af22a790b0","11000.99","No"
"0x29e433a7da5ed6cdb2678bb0b4bda234ea2703fa","2666.66","No"
"0x29f7a08cae67ea66dca1f51a5266c5471f7bc96f","1390","No"
"0x2a29bceb20ad728737adcaee07964eb7020c02e1","5558","No"
"0x2b1bbf7a8f80e0a51edb6c4b127a67c22c010376","2222","No"
"0x2b6fe02928dc2c10365ec93b1702336d8f9472d0","2598.28283441992","No"
"0x2ba8f4aa4050498e27e2b7187458ba5215b8b13f","2666.66","No"
"0x2baae39a6606c7619ec21535d679ffb030f3c52c","4568.38153488896","No"
"0x2bb9e571943f7b81b4b64a11ee77d41636a30e8e","3538.51143503604","No"
"0x2bdc493e020b09318231ac38702333de1fea17db","6353.80811650456","No"
"0x2be2fa0c5a0ba2c046ede2255e4bd08854347de1","3313","No"
"0x2bffe110f0fb2677a310137a12660dd473f60749","10335.66","No"
"0x2c170831e607e0d8645c07c6f070496ddef9f33c","0.66","No"
"0x2c34a20344577fc51c37723e0ba3791551a4171c","1338.1136717521","No"
"0x2c4c5933645b2f5514001a7816281485ea4c4280","1517.84792277712","No"
"0x2c762cefa9bd8fae4144f7f2ea048446b1017cca","3475.73297036503","No"
"0x2ca40605844f48c60431e2820ffa84526e795f9f","5611.39379309434","No"
"0x2ced1090695c012ce8963a2540082dba06e8c8bc","2666.66","No"
"0x2d12f167e92bb11d5200f85f5ecae9e6cae62023","1390","No"
"0x2d2f80ecb07f01532c044d1423bb930f9ba4f700","0.01","No"
"0x2df5bd1c9e4e5f0d32cbd2670f3f1ff33298ee35","2957","No"
"0x2e811867c51624082f551758d8ed627261f34ee4","1390","No"
"0x2ebc4bf6dcb14f28063fbbbfae3b3f8a3c8dfe94","110.893812147032","No"
"0x2f257996ee4938662a75f7c9a157e906158e94f3","27095.0768312965","No"
"0x2f5b3356123d3f620013c1dbf4cebd1b5f65f36f","2666.66","No"
"0x2fd087d8798c9f74b5ccc48472a8ab73fee51505","1786","No"
"0x3058bdb6b04a1d8cbc42f5abbe851af3ccf20569","21064.3711155614","No"
"0x3070f20f86fda706ac380f5060d256028a46ec29","258.894431914094","No"
"0x307a1ae4bf8e3cce20ea6e2b77ef3ccb718827e3","106.551955155322","No"
"0x308092d19c2680b590e3fac72184dbb0da4de28c","17602.3665558316","No"
"0x309c542bf2b7f7dfce6afccd26ba4a66220b71f4","53823.2739615626","No"
"0x30b0bc707bcc262190ea3f46d1f4c860c58f5b46","1655.88726449307","No"
"0x30d00a922f06db911856e4019e9c383f9573efe5","4113","No"
"0x30eeff183dce51bd0738e931f6d7b73e23238868","2779","No"
"0x3187c70b597c75c64c013238b0bf40bd2283a8e4","1390","No"
"0x319d116c3074ae7da02fa6ee50ce453fe69d7b58","2666.66","No"
"0x31a13c50faf75c83adfe71c12fd9b7e8651f0e25","2779","No"
"0x320408feb1e086b1fbd27c598a735699ea10bd9a","76609.7589131553","No"
"0x320e113e485c780e864b53fe3718752b51038cb3","2666.66","No"
"0x321279760131eb1698a02f6dc93c3b2cebef737a","42462.12455","No"
"0x3246d76957f584e238d8052636d8453fec2c1ac5","2666.66","No"
"0x3357addb0cf67c05ef4305edb0a8852b69c26138","7132.25753230956","No"
"0x33cbf3464813a5301dfb184ce7a2502ad3b9e86d","13362.2849529139","No"
"0x33dea2060118efbc5c93666e41b87ac75ff517de","4306","No"
"0x33e695f82326b50fe1221a58ab5e616cf5a3084f","3333.33","No"
"0x346f03140c3ca5473192d3440c317e63942533ff","5647","No"
"0x34a756a1e9f9a1c260aadac6fcd8b1175fd70246","2957","No"
"0x35966a3f221080f25d5c1d8b4c20fc9ab734e7b5","6739.99363790092","No"
"0x35dd1541e6e017a15ff1f0ce16a407dd521aa90b","4696.97064823801","No"
"0x3624389d7a00dbf7d2230ddb73089a07c9122f19","2505.45708420153","No"
"0x369b49639b058d97dc8633f64f6a03132f228a36","5.6246793746173E-05","No"
"0x36b2495097dd42523bc2962873c03643157d72b1","36153.6802049544","No"
"0x36d74ad4cbf580b2d9e695804306545c54e09128","0.66","No"
"0x3716676dfe4c6f990aa83e7ed0feab6a70d56efc","11742.744642173","No"
"0x38407376bc9e65762a2bdf081ccd1048f923ceb0","13333.33","No"
"0x388275f30ba1ee39b1ac4b2d224de241c63d9381","2868","No"
"0x38c623bbc930bc83e4298eb8a6141c77bc4e8b7f","2587.38307984073","No"
"0x39296420a29e71c62e02f4b542661ea7a6ff5fd8","241.287307031616","No"
"0x3939d261ea41f482ab9746a79dc6c588eeb41469","4107.96571477784","No"
"0x39f4e25e378f3e7aaee1999c39f1df4b5d08ec9f","5623.66","No"
"0x3a519b6e7b84584e721287f7105ca54115861656","5246.78176230151","No"
"0x3a60db96add6e41864b23afed27a050ff44cdf60","5445.66","No"
"0x3a87af6346a092082648933948ad8cbfc1de699c","6514.24420044237","No"
"0x3b09fa07b38a8ea1673219fd3c2b586312d6a0b7","0.468266934434668","No"
"0x3be0cdbf9b1cad6e6697fc153fba56dea1be4ab7","318.239562618594","No"
"0x3c3d9abab720e4f79e81c32ab530f6f99b8142cc","2678.20213213078","No"
"0x3ce01a2c63de68f729159dd800268621b3e72468","11532.3061099129","No"
"0x3d4b29d1b0d82f961ae81bc332d122f867ece62d","2779","No"
"0x3d54cbc4c76a2ba2921bfdff4ab540f5e4e5fae6","0.66","No"
"0x3d7a317bf4817ae79fbb937bf6cd87aec9bbb77a","2666.66","No"
"0x3dc661839c41b717a8090203c92afa76b0fee630","15379","No"
"0x3df0fccd6d2a57bc4f4d219cc32d3f521663b7d4","1390","No"
"0x3e8acff977fb67220e06faddb8e04c2e1aef2a31","3313","No"
"0x3f231af0806fe97ea13867b50f24d9681a61a3bb","3224","No"
"0x3fb80007367f16ade9168a3be2fcca5c7f357cbc","7.6532146184141E-05","No"
"0x40274ce67c49674d1d3804c6cfe8d56471fc2dc6","256.739750748283","No"
"0x405e315c9144b2f315e7c74ad5574d2466e89369","2700","No"
"0x40623f4ec602dc533bf0aa265c94e59621618d7a","3333.33","No"
"0x407db5b0303e62d569293dcdb769a2b924018fbb","9000","No"
"0x40dd33bbe1fcce62ad73040fa07f8b1037ca6c7c","6750000","No"
"0x40f43e4d4edfb58e5f872754075a74ce91525f04","412187.1926","No"
"0x410a6c7d7e4bdf6b6e8a63614c8ff30bb24fd72d","500","No"
"0x411a7ff0f2073700850c853ff5bb68114df25ac1","17143","No"
"0x415c392a526ee31574a9af77cc16a2677ead7640","4123.8824333805","No"
"0x419d6f7ba0ec05f799b7f830a9ce66a56e9ee22d","245.331465408504","No"
"0x41d34ee5857eb95b0d151b01512ff36f6a83d099","13000","No"
"0x41e6e90347d1cd145c790d6b1607b154fac66b6f","5955.85104849108","No"
"0x41fd35cacb371bd6d99df4ded66c35cf45d8808e","2666.66","No"
"0x42d2ba5d094964b5db944ed7f64e6ed8d6743112","2957","No"
"0x42d4c197036bd9984ca652303e07dd29fa6bdb37","1390","No"
"0x43288b4379909392d15bd4ac9f7b97ebbce23055","4869.7083657711","No"
"0x433a35e53befcc0c6465f571248fefb970698e74","3.67","No"
"0x433c46c31b515740a0b3115516e93c7ee53da7a1","2222","No"
"0x437169d2e6bdddbb64cb9a205fe820a3586daa6d","2779","No"
"0x43d88ae866c165a70b79428e43e93fd96de63b3f","1390","No"
"0x43f6daaea8ef8c4dace2c8264ec279870656ac69","5798.27405434723","No"
"0x45376991273f0ea07521a6f192be7f67030a8ee7","125.064959047596","No"
"0x4553ed5d8d3731e629f67bd86abd021175f31848","5133.33","No"
"0x463173595c2c3f297f7bfd11b6c9cc921b3c1d24","1390","No"
"0x46b6703de1aa0ba9f0a9b7bd299c5d9958dda4b9","2222","No"
"0x46f863550d02fc806676013ee440cc5f2e4adee4","2666.66","No"
"0x4738efcac7e8dfa7b34a182d5f24bc453de72251","9.846985616887E-06","No"
"0x47540c04bed7f227fa2b322229375341eeabf305","1390","No"
"0x47642ffce2c9e925f8bfc4db01bf339449cc017b","2666.66","No"
"0x47b0d7dc4a9a40d337f41a82497170554816b687","2596.99824158208","No"
"0x47ca4e638497acc467c28ca57097244a3a9989cc","600.215602934068","No"
"0x47d1f9ec36fbd6a5044e1f1133fc9815c7a75db9","30035.2186799188","No"
"0x489f82894bd820f375e3687231f93e29cd975b5f","2701.34692428164","No"
"0x492059918a8d8c9435768b56ec848062e6a27bc9","12927.28","No"
"0x49531aecfcd467f728bf951556bbe0299486840d","4.1394267801364E-05","No"
"0x4953cca4b1a30a686fd5d8c8fe3155d58655f821","20000.8385040984","No"
"0x495f4ec9d0faa09d8b79a2837b1265fe3b12cc58","2666.66","No"
"0x4a5bb1c9347a0d4f7e06a29239162f03647d9232","47500","No"
"0x4a93d7ef231f0ff77d42d794954435e43fed9837","202.196028745449","No"
"0x4aa7ca860b0d16f40be1c2a0facddd67cc4fddf3","2500","No"
"0x4b83cbd5bd9908c9a2d474dffde9973dd24ef647","2215.38616308457","No"
"0x4baf591f801e7dcc74c04de25c501d2afdb2f847","7.5599778420123E-05","No"
"0x4bb2df3d70b344e46f47d517b0ca36357583189e","2666.66","No"
"0x4cfedf7f93bb256660cba40648cce41027cac2e9","7388.99","No"
"0x4d3b3fba0c904ea4df05ce7208aa2ac59bffc578","2000","No"
"0x4d41cce311278365953787a3eb58e10e788b97fa","1.4819938981472E-05","No"
"0x4d4c08334a597bf47865ac09f1e8f27d501c6b10","2666.66","No"
"0x4d58cda252de31349afb46e62d93ce2d3246678e","6066.80630330686","No"
"0x4d5bbeaa7448def1513c622a0358ac458c62dc79","35663.490121615","No"
"0x4db32f1b39e2c89975c6122d9e904352e968bc3f","2868","No"
"0x4e16dbce720362eb45ae5b35789876d72c005de0","10000.66","No"
"0x4e1e9ef8da3e4a727beb01b26e0f9204056bd381","10718.5021514023","No"
"0x4e421fbda70cdc0a7b252bf5db2a0346525a5128","6479.05251759409","No"
"0x4e4e6ec0433a43fa0e0f43fe24b8a39719979af4","2779","No"
"0x4f09de19035757063c22cf597686afff62d1513e","5464.21090821524","No"
"0x4f6eb296ccac2668640934208538ee8e3d3c846c","2957","No"
"0x4f86557de022644848542faf6854116effcfdf9f","2957","No"
"0x4fee40110623ad02ba4d76c76157d01e22dfba72","3082.8233433567","No"
"0x50f42b09a36dd7ae621c48c8d3d1189034c755bf","8487.78432375742","No"
"0x5115dad03662dd8a60ba91bee2bfb83c5c5163eb","2666.66","No"
"0x51384bca09528d151dce3d769480b267b263ed7d","2666.66","No"
"0x516bc5b0b55914a5bc2b90cf0efe583017989ba9","3333.33","No"
"0x51983a6436dd9cd3136b0987508d3460839dc257","8055.58509368437","No"
"0x521d7caa45c4040bb062df939c296806510afeb9","1250","No"
"0x5293a9649708bff2f56fb266a989c12fea3ac83f","2084","No"
"0x52fcae86e8c98ba192a8d996c3724a935eda5af3","2666.66","No"
"0x531bb220043a9eabfb26cfe12f7b861bba32cedc","29","No"
"0x53731ac51b1d6893623830d46043d676f155893d","5101.36625521438","No"
"0x53a2f447c61152917493679f8105811198648d81","16571.428","No"
"0x5493259f45e29db47549a437054f6fe35abe85a2","2666.66","No"
"0x549436467bb5512749cb4f6f44acf87125539605","27198.5936899383","No"
"0x54a1045ae04ab3ceac20fa2e64e7925cee2c1147","5000","No"
"0x557d44a5ef6e7ecf681a12a8f73e03cfd961ab1d","10000","No"
"0x5595c66580a6c7c3a4c52c444174679ff3384e9f","5999.99","No"
"0x5785530b6f0ea72b0dba474d55b43e1af1182cad","5558","No"
"0x5799dd2b9f02c52c28c0cb78929a7a624f2bdd0e","2666.66","No"
"0x57a6d062c1bd4982c90b109a896073e1c3ae985f","70596.6755127841","No"
"0x58104c6ba9d0ac1b5bd6ecaab37300e6b465a6ab","2779","No"
"0x5835a02d0f46b3474305b2612ca9c6d61a973822","2666.66","No"
"0x5887ae5e91acfda019433bf147d7dec18793f9c1","3402","No"
"0x5961bab74687adab222e1042ee2a4793002c3343","2666.66","No"
"0x596a9866d288e6c0ff98e756608169f9bf64be0a","348.994190311683","No"
"0x5992a8e52a9fda90342eb66e6fcef44b41137fa1","1226.59280081879","No"
"0x59a472362e4b8289b369bc370940e1fc78532226","1869.29921283934","No"
"0x59a49c8852a72a418a4e3f3fdf4cc22eaf127ff2","1417.3388","No"
"0x59fbe8dc6849ab691e81350634b17c5dd57ae937","2779","No"
"0x5ad6ac513d28b9e2b9687a2c5b7b54c845183f2e","25605.8336123463","No"
"0x5ae71b6c3182c447f33067cee4906f3f777eb9b0","3224","No"
"0x5b24e36e499c500df9ed0eb0f84b992800c9e118","6726.80080509165","No"
"0x5b39a7af4bc6d915bf48d3d7e0083f5b921c778a","2666.66","No"
"0x5b4f970a41278de6b64c2deeac0a7323896c7e15","2059.12026103227","No"
"0x5b5d3bf5b67138e31f85bac7eb0cefaea43a25a0","7264.54643784073","No"
"0x5b85988f0032ee818f911ec969dd9c649caa0a14","5979.66","No"
"0x5b990a6c30786a381ffed01b35139cab8620e4a7","69165.7931746974","No"
"0x5b9dc1b31124cc373beee2d9fb6d9e8dfd6f6223","2779","No"
"0x5c2a8f01869f21cdb86b988c832f894903c9763b","6755.36102524424","No"
"0x5c5d562ced24e9b45675dc3f70e1f79acab9b141","3224","No"
"0x5cca8cb3489d9a12957ae3faaad9e12c56c25da0","2779","No"
"0x5cd11fae257afe4638141c27cabc2830896f97ed","3132.59462993222","No"
"0x5cfa3acef2cfaea33396f1ff8e2068765f887833","3224","No"
"0x5dcec3d1410697f7d8d15378d39ffac86120c126","1.31072E-13","No"
"0x5e36d7f200917d3744a227338f5cffd67da183c1","2779","No"
"0x5e8687026370d1c62dea6bfd492da8c3f020e034","2640","No"
"0x5edca2ee78ac4c12bc81dbe0ed0447096a21ffb2","9764.28266060475","No"
"0x5f26c1697f4cc280899d127f59ab58a6903d821b","2779","No"
"0x5f7a80d9413945160a95c53212f7d6caba569ad9","353.035060609847","No"
"0x5fb593dc9891e79e9dcfb9168d1aae0f42c02f1c","5301.46550461237","No"
"0x5fb716a4b09d42f5894f3a2c7d3da3ee1711c3f8","8.669553404909E-06","No"
"0x602f50425a4bfd291667a98d6929704e045c4ed5","222","No"
"0x60e0625b48e3424fe64d3c76bda0e1e72509859b","5001","No"
"0x60f98261faadc691ce62735fe7de89882aeea15b","5.2563127251093E-05","No"
"0x614400925ed8cd8dedee2488abe926780763594e","35000","No"
"0x6290c5e54220ed0f0bb6100f64c24c9b362fcf50","54794.7125761714","No"
"0x62a32ea089109e7b8f0fe29d839736ddb0c753f6","3.287228730571E-06","No"
"0x62e308b37ba42377ea5366f6ff4d69ea672e48c3","3224","No"
"0x63132e4c42810e4f2dac21fa14dcfda0c4bb8960","2084","No"
"0x6325246e88510d64dbdf10ca77095f06c5ca8735","30000","No"
"0x63d8e47b63765029cbfb8b9bf53bd0a31faa5df1","517.227925274192","No"
"0x63e1c3370abaf44e09bc5a545c55d5746bd59d71","42462.12455","No"
"0x643f79845a68e03913681787869c1f0bfea100df","6334.66","No"
"0x64766f7fb8ccc99c5fdba54e2e968d1d244b83be","7873.4","No"
"0x64fd151139af920330287aceef61d626a0a9ed8d","3560.06826401408","No"
"0x656ab461f4acb07a33f7ede3716af1f2d7250673","8739.27793501065","No"
"0x65d77c4c24a938efb718de5f9736e7a01bc0e074","6000","No"
"0x664895a45298e2e76350866bc730cf6ceab12ed8","1390","No"
"0x6657448d1f9b02c90509bbc29a65c321af5cefb6","12005.704651434","No"
"0x6664fa163e0ba98234f22bd1d742e7454df98e3d","3313","No"
"0x677d4a619af2869b1ad63ae06232b1c22868913c","3407.43165219519","No"
"0x67ca64e6d0a97bae9d85b6b005a0ccdd876ab896","2666.66","No"
"0x67f0db1fd60a9eeae3360e1fd3460082645d27ea","2000","No"
"0x683ab4d8b613e3fb7b3fce7857ddd30f591d828d","10515.0902970869","No"
"0x684efc63a9645addb08bc00de60b26002d6d0593","1390","No"
"0x68ae243b864a8bd34e94aeb65883216a6b916b2e","42462.12455","No"
"0x690a4e9c540ac1ae14204661e5748a71a8c396b6","20","No"
"0x69287b3cf544064352c843b08b44c9f94c60e37a","5623.66","No"
"0x6937dea4fd5896865ad1d1d07c391597542de9d7","2666.66","No"
"0x695acf894fc87ffe4b9b6670faf2b24dc5b1e763","1390","No"
"0x698cea4e68bb4e7e9e4526feeca5de401aabb7ba","2859.16841490495","No"
"0x69f7b12f77bf9b521b310a34ee56bbbda2c55b57","551.607039636205","No"
"0x6a2ca3407388fa7238115255a126ebfde9317f80","2666.66","No"
"0x6a790eb9393b97dd841fc70f1aaf63d40fa5602b","5668","No"
"0x6bb5befc24f5a90785097662fb9d72de310d43a0","15073.2209046391","No"
"0x6c1f10a5878b1c28b0be779eb73f70099c69329d","200","No"
"0x6c2b4491ed676950abb902b1020c6d65487c5b0b","8851.20804393586","No"
"0x6c38c3f9cdbbc3599c1ba63205b412817114e0f3","2093.41057845957","No"
"0x6c67fa2e3a09d168fbcde8a1b902264ad69f58ca","959.227441171483","No"
"0x6d45fb4d7a7371d220c7000cedd59de97dadd3d6","1390","No"
"0x6df61af0d5dfa9195624585b25e189343dbd0cdf","91807.9154614816","No"
"0x6dfe9adaaec7affc78ee90a68968761bdf1af0b4","3000","No"
"0x6e40f2bb87f8165883fce8f846ec5a481e45b1f7","8723.29322610325","No"
"0x709b9b46084bba30db1097c79fff6e0fa357cbc0","2416.77234808048","No"
"0x70bb5e6ab7fabc4a5119aa917dfaa352def873a2","2779","No"
"0x710417336603cb1a81aa8548e205952708407cff","2226.00242503518","No"
"0x71b3d0939d966f6a89feb534c5ffbb078ac4ca8d","2768","No"
"0x72014009f963291aaa3249ddf3905405c643bd6a","2779","No"
"0x7268c74f93bc7740a4c2c1d49170af20795f3e82","1646.88860563029","No"
"0x72c497a27f002f6c13249fd15f6d7738c8fb45ef","2666.66","No"
"0x72dcfb1b13267fb2f06bfd3d0075b07d4d7811ed","2779","No"
"0x72f22d8977020d4ad8170f420e5991cbe9fe7d42","26756","No"
"0x731e2502b67264a473687ecdaa7e353f0c6818bd","3708.5166132057","No"
"0x732a96c44d88a0508c8106f455c50e12361a531f","1390","No"
"0x737629cf2e289a80471465431d9f9e41491deac2","2666.66","No"
"0x737a3254a810443bc2c59a7dec60180c82882942","6464.0909","No"
"0x740281ad72fe06d691e64bb6615c4098087f29f2","4300","No"
"0x74102bc480a41681e66add3ec9378ae6f3a79652","0.745547714525125","No"
"0x744b39c846b1dbcf99d909c0d9b8609f927fbf75","1390","No"
"0x7495faf6f68a2c7dfea7f9f7e712ab0dd2468386","9.5050345881049E-05","No"
"0x74fde191ccb268357dca8fd85ab66f711c33a9fb","2779","No"
"0x7592715fcc9672d90c3c9d38ccf37009534f219d","628.495015315688","No"
"0x75ac65073d45d3f53c66fe338827ad13ed362a88","9255.20730684479","No"
"0x75cb85ccb8568ee1e3e27a573d0b770d7dd56cf4","1536.54893620179","No"
"0x7680598270be41895cc6fdb1e7572d73de86c509","2666.66","No"
"0x776b913480d4326430f52f58b16ddf67eeb08deb","3950","No"
"0x77a23335c680c555e320e9df018b38287a39a417","1900","No"
"0x77c7266509b0878eb67abb17be47ba7e938cc7d1","9538","No"
"0x77cb891752dd8c11a60ab852634820e02056e001","1132.6185642573","No"
"0x77f4ea67cbf231e40ef437b90c5349f57f81ef79","3333.33","No"
"0x781be5eee5dea2c44d3b4abc971ee0b4197b131b","200","No"
"0x7827b605b08db3f80a24da6e725e98191b7185db","510.464301252909","No"
"0x789455d61ef84179c012622ec346ab27398b81c9","8.0092042061589E-05","No"
"0x79ec7c10af93eb51f6f71e3721bba1a4df503c62","2828.10929241817","No"
"0x7a4ba3489ca5b28f33800e1f95780686495c99cd","2666.66","No"
"0x7a9c38e8ee710087643e6866afb8feed0f305fcc","2892.98321219221","No"
"0x7a9e2a02d8b060a0f614afec961feacb9dc24384","2779","No"
"0x7b9af0f355400c82a9dbc25252fe5a4e29d857f5","11360.2990648395","No"
"0x7bc99401ebe72650eebaba4db71330f836004812","1880.41808803421","No"
"0x7bedf66af9e5395adeab2696e4e4a3a0488fe370","1","No"
"0x7c648abdaf2ed39586701ee725f7d4cfe8181ae7","392.834681071999","No"
"0x7c859ecdf9c616f747f01801654104783ac6fbe5","166.66","No"
"0x7cabb2af9f6e120e1207ec97992964e6b9777e7c","1306","No"
"0x7d4323dd5412838c614e61cb02a94f92f355ea08","1390","No"
"0x7da02e5a5dfb3312a2b8487a04cb6b062923618a","3579","No"
"0x7e30a5bfec2783ef4e5d98631f1fcd49b873274e","2957","No"
"0x7e4b8fc4d1068442a5a20437004e19a0cb2d9dd8","102.013965509732","No"
"0x7e5cf87b86ee9f445fff3d044dce402f9eb202b3","1731.70882906486","No"
"0x7e6d0c66124a459bf9529dcbb56a0d90dcc584db","5432.92931810587","No"
"0x7ee8e9d4c6166ffdd218d43748ed92371add42d3","0.00132552383016088","No"
"0x7f0621711064774e1ecbe5d112217e92cd245cd0","1266.64107172142","No"
"0x7f45e5fead587fb9b922d43ae32c8368b5b13522","2666.66","No"
"0x8067d796ca8013800c558b02d2640ebbd8aa0115","3333.33","No"
"0x806cafaa1b34c9b9d2fc33bbae3de209e9d137e0","0.165491496490275","No"
"0x80825d112b4867e2ad2ab991fffb61bf67675db6","3224","No"
"0x815039693408775f5d899c3c641ce6ad9b25fa91","1945","No"
"0x81531e7d07566c077b2525d1e20a8080d456d794","1390","No"
"0x815612815d7fb01b1e8a97fe4a0996e77245a3aa","2868","No"
"0x8195fb489b22fb2b12ce658951125b96dba30929","10000","No"
"0x81f6674f8d983ecfcbe7d56fe5351144138c5dd2","14804.0551992074","No"
"0x823a60777ccfff405b43e802860ce53d174ff473","26759.0080261683","No"
"0x825c557d17370d2a7beb11d2086f979f05ff8e9b","0.66","No"
"0x82d61244c47d1331186cbd439a9163ac339a85db","0.992721988882327","No"
"0x82eeb4c424c6954b70d8152d8e535197ea57abd8","2779","No"
"0x834d0080331e2fabea67fcedf1605e53569f0960","20000","No"
"0x835649a4ad9c806405b03e39bfcd02d6e81b408f","2779","No"
"0x84800d3457bb2cb5eb3c3306b4460dfaf39dc084","2868","No"
"0x84a58747495a6ed12e007860365d4e1b2bf847d0","10704.4284961925","No"
"0x85cd7750d92adc8e5c2d0a4f5ebe70bbdbc69676","3046","No"
"0x86ddab699a51ad96d7b27036783403a4f04ae1de","2779","No"
"0x86f26e39e57b134f7db050ddc591c3a806051991","5534.66","No"
"0x86f84f893fe22910c7f22cefa4cbfcab5a00915c","2666.66","No"
"0x87b078a26e27b1185f66c9b0f524ecf4df25842e","0.66","No"
"0x87b1f803516919e487d63c4887cdcfc26e5149f1","29537.3283922329","No"
"0x884fa72df82c658bafb98e79d9b52c02d5c84b68","50000","No"
"0x88a0e30c9cfca2153ef19aa6ffb40051fad9f982","19578.7145913885","No"
"0x88e1e8560a73c2b22c095f48b0d70af53ed7a0b6","1924.56825810647","No"
"0x88f2e09198ac6273cab4d51f4a37f89a2f966906","0.724549948901608","No"
"0x890e68421a6e1a3ff329f9ba920b9a1275e6cc18","2500","No"
"0x893610f484e84087981d0ce3694d8db6919dde5b","2779","No"
"0x89ad6daf7d18286d7a95bc5c68a81baa980cbe73","1264.20330908755","No"
"0x89ed734c75bdf75504dccf81c690c5922a7ff694","3333.33","No"
"0x8a84c2575c7948f92e1bb22113279e09c6f56c3c","2760.32093145188","No"
"0x8a8e0566e413a21072a3ec13e3f10428b0b5ee5f","1390","No"
"0x8aeb944293fb05561f56b47f4f933584df569fcd","2666.66","No"
"0x8b1ea47e37a70e7feefc6a6945a4a7272a7934db","15552.7465286942","No"
"0x8b53cc5461acf1f966aed7c00a7166d581d05a57","4558","No"
"0x8b56423cf0fc199861c07d01a5442d8c1d8b5bcf","8800","No"
"0x8b5905d3939ce9fd8ca9d1418cf29c744bcae026","5.3355408303369E-05","No"
"0x8c7c64ca18cd5615f387a47de24426645dd0867c","2868","No"
"0x8c829d28c5f9f4904a59b2aab3680cea448c8e2e","2666.66","No"
"0x8c9df016f0cccc6523bc8742f3896bf103143034","5000","No"
"0x8d161f6690ba3151379b819040e734909ec7e1c0","3333.33","No"
"0x8d7ec548c7c15b91ead5253e613b3246d0d074a7","3333.33","No"
"0x8dd465ba1cd2ad7f6e6dfd929be748be361429ca","2666.66","No"
"0x8e4f067d2491fdede1f1765d74cd77bc1d6f0e37","500","No"
"0x8e5b9c12a21faff350e45deaa71b623fd272deda","2779","No"
"0x8ecbfc0936209fcb8e383ec4912e2f74b29897e7","20000","No"
"0x8ee1c45bb1bef0021c6a3c6d45e8c043b62dc05e","61954.54545","No"
"0x8fae1ae80f35b929387d6a0186f61341e3338ec9","2779","No"
"0x8fb30b3c0bf0355056238d071b74c20d399526d6","0.982207752420688","No"
"0x901fc4938740f1c5b38e99d7b905e7c890699b71","2666.66","No"
"0x90bb623ceb986e182931a240e1123791034cfc8f","2779","No"
"0x910bf2d50fa5e014fd06666f456182d4ab7c8bd2","74.5166666285858","No"
"0x912ad3ff222386d00e4e6bc55537e1d8cbb42994","0.37603809176841","No"
"0x914ba7d35b11223745ea8db273fdba5e7726c420","2868","No"
"0x91d65746479297429d648e0bd29a657e58e654bf","1945","No"
"0x91dd612205e4c7d807bdd9894c3fca1421bdb59a","2779","No"
"0x91e671722393369e4f8dce1b2e3ed0acb53a4360","3333.33","No"
"0x922f8ca1b5a6c744a07b81e73a5e1b8e74dfcb1b","5047.12738733729","No"
"0x923c0bc1a01f64a8917164560815d0b48ba0f1d7","2666.66","No"
"0x92544f465a02ad48d49f3466817e39c31acf953b","131504.0175","No"
"0x92df2a5104fce10d77496710488382eb53def917","1390","No"
"0x93145b24f2023bbd8789439e30bc69d6d8b8d0b3","3369.83863126131","No"
"0x93629d3dba368a1eff5413b9d34f25879a69933c","96.8852280847279","No"
"0x93d7089c9744faff4b541891d553e59ed9c04042","166.382593731781","No"
"0x95fb57660160e6bbbdd8c51ee49bccb8f02d8232","13304.3029520057","No"
"0x95ffc12418450e0dabf0f7e038c9905898469b3e","2666.66","No"
"0x960189a882ab7a401970700ab712656e57217138","362.570087747415","No"
"0x96a0dfb0169e6c5cc8a0fb0aa3292cf695e5f8ac","1000","No"
"0x96e5a3f1cf2d0ecdae7c9d4e43eb37685ad01146","737.502167123167","No"
"0x9778efa4fad0ec1af1125d1e8f5d33dea7e0a9a5","3224","No"
"0x97b44ed4341a64d47f3ea7b191c560a7d9bb7df4","3333.33","No"
"0x97cd9f6dabce17bb6368cf9b0c17f9211800f050","0.0564857337801884","No"
"0x97d31dfa5279063767d2e42eed75d6dea9f7c27c","5000","No"
"0x980c9ebe8b089550c94eee8f4909c47c47e91384","8060.22684390129","No"
"0x984253cad96157b89255f4674e5362fc0feb69ee","0.66","No"
"0x98dbc78b100ad87cc6e0d8cb48a442d4d3e80d89","2666.66","No"
"0x996131eed1fc6f83f8245602c8d171227311ceaf","1399","No"
"0x9a7ded03fc0cd3288071472c3b2c798346ada69f","293.087443593721","No"
"0x9a8bdbe5bb0b63312e5af863aa66dcbc9d7ec4fd","1000","No"
"0x9acf8d0315094d33aa6875b673eb126483c3a2c0","8792.2868164838","No"
"0x9b00110ed4eca5449eedd97774b69bba9bb95318","2779","No"
"0x9b89471adddbc73824d201c7df6a882254fc0198","2544.73502238082","No"
"0x9c0ed66c6c4940b924b9cd018fb8f9ed9d96bc91","2779","No"
"0x9c836687964d89b52ae80e3e941745ddd67e5222","21964.6636138789","No"
"0x9c858345d95f2d8eef33cf31e9f119eb85bc3f66","1390","No"
"0x9ca7ea4d0b546f3f38a978b66f57314277adc386","0.49704277363159","No"
"0x9cafde33cbbdc14b07a39238e9637bf6adb28da3","2476.13227803353","No"
"0x9cc85b2926b15e59d8ecc282f950b95cb39fa003","1708.88086962237","No"
"0x9ce84efa875345f69fbbe06e58024a9b98f7c4af","2779","No"
"0x9cf94fbdc6086e57e4584eaa335ff517a7c4b048","1858.37398919231","No"
"0x9d156bc7c8768294510a4a41883d5a4eb15b15e3","16159.2847504785","No"
"0x9daaf2a014898e7382300a9926e0b4bdd8027f32","700.745095628099","No"
"0x9dabc82ebb11292ad40623e58e940e0ea4db1a70","4056.66","No"
"0x9dccf3419eb667944b50945a13ef23c864d2a8c0","2666.66","No"
"0x9df65895c7b3e22368972d1777e1f714701907b4","19666.0253324181","No"
"0x9e912ba1ce059ceca9499ec9ec703b12d32cb50c","1000","No"
"0x9eb4306e2542af60f3b994124fdd0c1c6eb0fd17","3333.33","No"
"0x9ebc0e279a27bc763cf88e773f5d3c03ca75992a","2857","No"
"0x9ee8a90af16115622f1eff930f20b66964f35bbd","2000","No"
"0x9f533382024f02632c832ea2b66f4bbb1dbc4087","0.615196354984992","No"
"0x9f6b0d9cf88a48c8f32b3b2e1975eecffbbb5aac","6868.66","No"
"0x9fea499ae325bd12dbba450ab1911719078121ce","2779","No"
"0x9ff74d6d351d178927d982e3d037ef3eed1ae8e4","1300","No"
"0xa004a6edd7f640f1b4de345bd6e0c63cb1b2b092","2862","No"
"0xa01f553e90b76a27e8fe6ad0ba4809cf88cfa8cc","0.00575352164557152","No"
"0xa0bf24bdbe751ba8ba590d07eb06719961d60aff","2294.9653241279","No"
"0xa116a4661be4d5535a2031e629bdd48ef1307cfc","56400.6942294771","No"
"0xa153321f5dc237da6cbe5aaf5affaefa8f30a615","1400","No"
"0xa16af2b4a072f10fc2fdf505a76a0dc7868b82cd","16200000","No"
"0xa172674862ba3617deb7d239e4ee200efcba1079","5720.75622851638","No"
"0xa18b9168ac9d0dbdc6919f1bd916aa71eab438a0","2779","No"
"0xa1b085edbeeef8eaa9b0fcbb04d1b584a3be2a50","2779","No"
"0xa1bb13b152c06c826cd3a65ef1e1cb09f93151d9","1000","No"
"0xa29bd79d213918615fa7700163b0bed2a0a27c3f","1409217.499898","No"
"0xa2db796f0b89db0d4c1a0b94213e4878b2e9b36b","1316.06536214181","No"
"0xa30a0e3cd16d9b044f529d89abc97793453b1166","0.00692869272735125","No"
"0xa3aa6e119a42b5f608775360984d3721f12e3f2c","16159.0909","No"
"0xa4018c5a6d6194e2a844635dc3205cd754c46d14","3333.33","No"
"0xa42a636412b6f38d0d490c50aba3cef7afb7ebbe","0.0118855533360937","No"
"0xa4962e00734e100a95c3ff8d44ac76fe26b4539d","2547.00252520137","No"
"0xa4b949fb6b2979e383b753f7b086ee1a7adb552a","1390","No"
"0xa5205eccba8cbb04db80d81be66be1a0785fdb82","1585.28158851365","No"
"0xa6466b2a2c9d6db0be9c4f863cb2be8c99138c31","3600","No"
"0xa647c9a8592a5ea88000ee0989ef0758549a14a1","1.74304E-13","No"
"0xa6c08eee8bcebf5817833b0958fef9d0ab5797c1","2666.66","No"
"0xa7a3a2ddd9e9599406fab911e9c85cbbc96ec307","2779","No"
"0xa7a68209dc4ba12a8a055ae9135e1339c057ef91","189.713276543013","No"
"0xa83234ec040f2ad5819e65918fa35d887cca44ce","3500","No"
"0xa8e576af87108f67f19b3207485ba6b67fef3b5b","49646.2413777488","No"
"0xa8f6eefa8545ea16a1fc697498e14aedf9e2721f","2779","No"
"0xa9082caa2e17b7f66c31a78d196a208de8fb4f2a","11087.4081617064","No"
"0xa90ff11eac405e7371c2a521f2f31684b7044408","2666.66","No"
"0xa97578dd7ad20ba12d42cb4100616f7d3797a72f","2222","No"
"0xa9ea3c3e61be912d59dad8c2b68389b96f7ebb41","3046","No"
"0xaa63f2208b64dd6962096dee128e92ae7d373c4c","2779","No"
"0xab4e9acedf1d986e1b44a10f838b70291acfe8d9","11323.904628897","No"
"0xab58a6fca42e7dc8ce39c0f953765d498a691f0c","4891.35906802576","No"
"0xab5c49e981fd7f3ca3bdfde1ffebf38723446629","7999.98","No"
"0xab8b69a5559d6dd52579e01080e601eaf5a05019","1.6824140883173E-05","No"
"0xac34457d13cd6bd41be54ef3644e5be9ffe683e4","2666.66","No"
"0xaca3989a968eeeba7f6d6e56d392786b104ec945","4380","No"
"0xaccc07936c70c86ea6338652013a9cb9f41423da","2666.66","No"
"0xacf1803aa2649209084867eab972372129cb43a2","333.33","No"
"0xad447353bf8e5e7a1a8e55f95282a234cd588511","49179.7292404051","No"
"0xae06b4847f55ebcdac28ace21540c7e7be913c83","2600","No"
"0xae196dc4c7b0e90b045024f5a4c86a4790a2e6b4","67.9518459873114","No"
"0xae4c7f2b914b7dfcd5e1d22d30b4325910aa709e","76036.0909","No"
"0xae77f2a6d9e52db6a9761f13200093868ae06255","2779","No"
"0xaebb860b5eced576fe9cb945e1ce03bf75768616","2779","No"
"0xaef999f5fb7d173330a6ea693da22c6a6052a26f","5534.66","No"
"0xaf1431160550e2dfde19e00209f824b5d5ed8f84","10000","No"
"0xaf6caad869a7d6521dc7a6099199758d09a758c6","2779","No"
"0xb022dd9cf79e7e33c541cf74eed9afffdac8932e","11100","No"
"0xb034a450ff31a3d4bc9829a9303fa677ecd23133","4.8194153483113E-05","No"
"0xb0c3b6f5c04f39ff95f5a87739da99b7e672e151","5002","No"
"0xb1453d5fb70106ebd5cbe8d4c96a6f9cc95d0e3e","19283.2773844614","No"
"0xb1aa108aee9b08b5e205daa7255d8053df0ccdad","1458.18647069684","No"
"0xb1ac9db0d6a1ec291f427ad03fc3b632e1e93a56","2666.66","No"
"0xb1c86a62eca7f389fb763a4e1fd692143e4e28ad","716.600926395121","No"
"0xb1f9175130d69d14b104ac013755d969c426d741","2666.66","No"
"0xb26ff727479f442d815ce83b8e3c6b87b2abc88b","1390","No"
"0xb271de6cca94517e72106bec18474aa1c3cea499","1778.04534739192","No"
"0xb28f260d8a63d5d18e4079a77deeac0ffcc1ec02","2868","No"
"0xb30ab816827527d312bc25ed9a86bd9b9d9530e7","1945","No"
"0xb33b53ce5d08a7107851e20fb74e7ebaaf7fe4fc","1112","No"
"0xb3973c8c61a400f79eb0775576664250743e39ab","20855.3637173746","No"
"0xb3ab8a6572a86a3e85fe75637c7f6e54ace9dabe","1873.88706977822","No"
"0xb3c0bc50b421ba2106b8d358d9cbe13efc096418","1523.6659184037","No"
"0xb48fbdb3274fbe8f22c4dbda1a78e5b5d6bb5fa0","10381.3294157912","No"
"0xb4daf6e909123986457b25bca639cf9c9f8365b8","1390","No"
"0xb5c88cf02a3b28fb941432edfcdeccc1584d70ea","12433.9138602961","No"
"0xb661681f38c031b933ad6ff0350bdf9c9d2f95cb","423.547145707827","No"
"0xb6859ce54c2ab17d8e86a711a7ebe4c7fc495dd9","971.804737925207","No"
"0xb6a34bd460f02241e80e031023ec20ce6fc310ae","45686.12455","No"
"0xb6d470ab7871b8cfa8f2ff6a44c9c6e9ea2544df","2779","No"
"0xb74465cefd9cac12a5e96a9736f131b02ab531d0","0.00129632879197094","No"
"0xb77b860cdded7bae4254a1e8dfcab15c4cf5dfaf","0.00319071095724677","No"
"0xb792e02dad7b7b5a7a9ba84547e73a9160cdd2ce","10000","No"
"0xb8323acc6118ae19fa3870d21b0e2583d3e64caa","4723","No"
"0xb89929389448faa1fba717c8ccade8e91c36564c","15028","No"
"0xb8e9ae3f7c3bf73b60b6aaccaf0b986df2eecee7","3333.33","No"
"0xb8fe28ec3557124d5325ba83bc6a9186dabdf896","9","No"
"0xb90a1ea78b6c6c118e80b2b0d97552c409a02f9e","3448.88252977658","No"
"0xb939b1558ade2b3e3d7cd94092d071a7728c7ac2","2779","No"
"0xba30963f47a2d33476e922faa55bec570c433dd0","6908.11346369666","No"
"0xbafa978c66294a6d71897a41b59c214872701b69","2779","No"
"0xbb257625458a12374daf2ad0c91d5a215732f206","66546.6279833377","No"
"0xbb3c4b03cd63f1b6aa11dac56ee385c9b2c8beb7","1095.47669406706","No"
"0xbbaac92649b46f45effc4a19aa23693b1501b9e9","23102.7243283264","No"
"0xbc229e4749e6f223b5674e5de23a97b684f19d22","1086.29398805066","No"
"0xbc44f6e8c043574548a437f4952adc6f7a08ba14","2779","No"
"0xbc47884512abd059ac420f25ec1f949f592afd0d","16159.0909","No"
"0xbc54d76f77215d51c3378499d68c2d7e204587e8","2666.66","No"
"0xbc68c859fc8ea2de63c60f236688dee448c8b70e","5534.66","No"
"0xbc7175790c7eaf4a429ae0d20a98862fc1f0352a","18000000","No"
"0xbca0e9c5eb3cb852e2239b798bb3d9d0c0e78708","1390","No"
"0xbcb6845b77b0861e185e9d6a901aba50a2aa6912","7.8016744169717E-05","No"
"0xbd0739ae6b2524cb991392f50fab8c137497b1eb","2666.66","No"
"0xbd7fa3d8c917b3c2eedfc3cb68d3214ff6d15d29","6232.30433455887","No"
"0xbdcccbddc104e7b62062e47cc3aec8744caf692c","1000","No"
"0xbde511602314f2fee8be424262bd78c482168c19","876.405172878534","No"
"0xbe5ad189e07998243d41da2e7e2b6b8ce1cef27d","0.516568261553742","No"
"0xbe6a8e1ddff08dd508089ae2427628e98406b1b1","18260","No"
"0xbe8774186096000a80cdad8d11415be969bfad52","2639.92502409367","No"
"0xbe8dcad36698764a7b442d69cbaab6ca820b017f","9802.72001586092","No"
"0xbecb3c98c59ecc311cc6194a644cbcab7a250b76","4265.62705319485","No"
"0xbf15a6ac29d33b3150a1902637a3849fecaeadf3","2666.66","No"
"0xbf57cbb956f783a4b10e3c8a0f8be1736ef6fa45","60000","No"
"0xbfe07a21ccc5cdc5d94067e9002b9a60217b96c6","500","No"
"0xc016a405af1e5bd768638454c91395ad923774f4","529.226849660093","No"
"0xc0a8addbd7710f880837ef77cbc0d2dd521a35b8","100","No"
"0xc13456a34305e9265e907f70f76b1ba6e2055c8b","3333.33","No"
"0xc1f0432f11c175e29681ff754b061e59394fbc49","4558","No"
"0xc24203668b9d9da4447c158a8801a05b88e317e0","367995.075187201","No"
"0xc2effe66f762f30105665838d4eeb6c978332408","2868","No"
"0xc4c80b3d6724054607af9a419cfe0b4459677bf3","4500","No"
"0xc4f8f9127f90e53756b59193f33f5c126beb61ed","664.51678699215","No"
"0xc50d5877758629292b1bded9ec42950a1cf11ca1","6948","No"
"0xc52fcc86abae3e1f56802ba50d1ff4e6cb9ab404","3854.80196948368","No"
"0xc5386ff5578e589774c1612e27c5bba813076ee4","19027.0909","No"
"0xc57111847058a846c4fd20946865dac911250aa8","598.368737968709","No"
"0xc5c226b0bea48bebc559f8cd021f21a717042759","852.382915264254","No"
"0xc5c5476dc4d513b6d3adc87d2eecfcd6917f5d14","3805.99433755123","No"
"0xc6264004f82255a84212f84abef5d68c5c82d6bd","1390","No"
"0xc68e6ab8ef9584284a0423a350f5ae0a3630dbc6","3612","No"
"0xc6aaf20925dd77121f24937a961f7c75ef74a735","999999.9626","No"
"0xc6c85522e156fe36286a2697c2ced61026797db5","2666.66","No"
"0xc6d4e5c1cd5c2142c4592bbf66766e0f5f588d84","90309.5454338888","No"
"0xc6e6dd6a0c61651d1bc055dc1c22418a729d41bb","1E-18","No"
"0xc8d46eb7881975f9ae15216feeba2ff58e55803c","4113","No"
"0xc8f06894f521296b288a35527d9db37e1b02bccc","2666.66","No"
"0xc8f845f8405fb9b7d21c47edcce021a981b20284","1390","No"
"0xc9cfe7993107e233653cd9cde3ee1310970911ef","476.747690885477","No"
"0xc9f60ceba1739b73f41748b853b7f6e481f939b6","1390","No"
"0xc9ffacdea4cbfc2c885a9f28856c48417bc6335e","2673.78293814707","No"
"0xcab532dd7a22784afbfed080705f377e20b647e8","18998.823139737","No"
"0xcb18481d5d84d83bec3f70456dbacadf09b9dbc7","356.968036232374","No"
"0xcb8b7d76cf047b3f057a48d94ea52fd2c7e4f4a6","3333.33","No"
"0xcbc204326e819e08c031e3550313c7a8b4b518d0","8971.428","No"
"0xcbcaddd382ee33b7fb6b4bfc98b1f8fe4eeffd58","3333.33","No"
"0xcbf53398a87040c501b8b585e8b68412ab787515","17719.2510053696","No"
"0xcc23eb4ce2f2ad4f5407da66295f39d450c5b2d4","0.66","No"
"0xcc26a704b12ce662eef305af8297bfb85802268e","17963.1073487229","No"
"0xcc512bce3d32a29e1f5362b3eba68d847b7f374a","2666.66","No"
"0xcc7cc2e94273e694998ba0b3c80306cf031aedb7","3346.69729646534","No"
"0xcc83d81995bf813948b957fb7e4c6de455900749","1851.74291994693","No"
"0xcce8d59affdd93be338fc77fa0a298c2cb65da59","3338.1612003371","No"
"0xccefa6cc02eef6334ade9439d539eee9997a9c37","26958.0739979628","No"
"0xcd2da299bf4dfa9ad0648f7037222822a4f63ecc","1041.87354437366","No"
"0xcd4299eae36d9163b8741919960fdf1452e4d5b3","3333.33","No"
"0xcd7d37dcf312076b500900fb42cbf3d365e4bc58","3224","No"
"0xcdd961b0099bbdcf50b490eea4cf7d58a2a1fd95","445.66","No"
"0xce061820d503556db631b27f19ce5b1c25056e91","43169.5902934294","No"
"0xce355e87f7d3f33232066dfeaf6780cc1b1a2113","3333.33","No"
"0xce485e854ef129d13dc1e25d103412bd25e97904","1390","No"
"0xce702aef91f97f53cfaeaf12b30018e5ef8fbe50","3333.33","No"
"0xcf279f4d4104adcc2d7343d09c0fd539b56d3216","4811.78111465949","No"
"0xd00db78ce0ea9f7616cae3a51b350a43a1fce9a2","4.3733079549279E-05","No"
"0xd01d7d004dc1c37f01115f9d8c9b1e668cfcac9e","2868","No"
"0xd04b4167f7f50346501ef1dca7353ac1e4a02afc","20850.0874948414","No"
"0xd0740e7918a0d4e953692477eccdf5fcfd8e836d","2868","No"
"0xd08c9f03cd6e4b0852d533a19273ac55fe51efb0","7800","No"
"0xd0a3e8875c3e564b58b4117a3580fee2afadb300","328.164899017292","No"
"0xd0cf250519eb82aa28e84debced6bdb035d1422b","1500","No"
"0xd0ea0d420ae6b5cbd8e0ab833f89f6069cdd5628","13131.8960673036","No"
"0xd1e1497371442c81312c84fffa4e6b7c15cd7784","752.996838262331","No"
"0xd2202a70dfe5c12a3d601ce54bd402f63c8c8e9e","2666.66","No"
"0xd22df2fdeada92ba26293f7bd51ca3ab8f0019e1","1390","No"
"0xd263b093076130d5c2db662e2237532b6eb8cc87","2000","No"
"0xd26924605b9ffb82d9ac0ba12a40c6a3a6a99138","2779","No"
"0xd333640f41ba540b19349894555801c9525575ef","4130.82722179178","No"
"0xd3c779da428c25482498337bd611431eb86d8df9","2779","No"
"0xd472296f9de837bb5e264568ff06e5bd3cba9760","198.752243068684","No"
"0xd59ebacca24f1e797c1849994824ca7fd06ebcb3","15000.7696665685","No"
"0xd63d224c9d8d31bbaef38c65e0b446744610d6f4","972.813809183326","No"
"0xd682bb26574dd535407557791967e4354d70885e","11100","No"
"0xd6899008a6f6808be219812c16124359437894ce","2666.66","No"
"0xd71c9450da5684898131851bb3bb657b45fd785f","28571.428","No"
"0xd78d632f3c0d8b6276d5fc1b830a6b3874fdb9d8","100000","No"
"0xd7fb5c5eb20a8baef41522acb0a9878c11f86f90","2084","No"
"0xd81e2cb9394b399d6f08c69637adfea1e3634103","20542.704","No"
"0xd82160b8afe551f6ff088011c16b400a6056e4bc","2666.66","No"
"0xd867b41089df20d141af3c19416e03d81e73628d","2113.56429959393","No"
"0xd86c5609341af29b5c94ae27478c19671b0a3944","5.9861519468697E-05","No"
"0xd99e28ef233b2b61020927e85bf89d4bba7e07df","4688","No"
"0xd9c8473f14247d7bbc72ac2946df127f1d7f4aea","1390","No"
"0xda84f7e1850735b12d5502d7c5237bab389dfc68","10405.0135802345","No"
"0xdaef1026b0c63eed3b2b86af396d724ddb9dcd18","2012171.11342402","No"
"0xdb1e78afd0fe27a3ad7c193e5f5f2f8e0326dee1","5537","No"
"0xdb8fedab0fdad50d4fa79096f6217185e4157b76","31758.4349458846","No"
"0xdbd7dc47f1d60e6177fbdff95f8552f74555bb99","1547.03632304136","No"
"0xdc1c06194759ca0a1821eb9b8359c3aea087a2ce","2779","No"
"0xdc455a4d1eecab9617d48f4be0d9c898de5caae5","99.1658503422847","No"
"0xdccfa6cd11ec6f2e6f5a9d8aefb47d25da9fcd4f","1390","No"
"0xdccfe0be78b5305cd2f0e62684c0e47e702ff463","1447.19335002082","No"
"0xdce28bbb4d42ef31b8b1d37f21cbfee2e7e26197","2021","No"
"0xdcf231d20d0061885dbaa310c9db6f97a5bfd175","1390","No"
"0xdd05a53849f8a05e7203a5516cc9d0d01f9e3687","1303.08572951491","No"
"0xdd27f474c0b045b495188f1d44060aae86fe66a4","1000","No"
"0xdd5024c2937425a2f6a63e41b4ed5668b1445195","347.38","No"
"0xdd57ea4e1d618b9e09dbdb4a9e0b904b61b468c2","2666.66","No"
"0xddb793d57fe0e3280cffe065cd5e97daa60dc27d","16159.0909","No"
"0xde0842b8651bd111087b765b68f097e9dd8fe819","6909.26898956648","No"
"0xdea3e18aa866f46da789f0b908e90bf55a0dca90","3590","No"
"0xdec9b343b470492e0be37464979932eadb1576dd","18000","No"
"0xdedb02b1a0e2c302536e3fb1e19a581727035ee1","3219.84241412491","No"
"0xdee8ecfd1b19abef66cd2c57e9b26a18e2ddf8f8","2666.66","No"
"0xdf22d24c1310097722f6b554cf6f493ac370a3d0","222","No"
"0xdfc115811825605dbe8cdba9068067591e2d9daa","8428.75165022427","No"
"0xe032b8759f2603e90f1ef73796a0bfdf10c9236a","2666.66","No"
"0xe08c709ba513c892dc1628b8c1c99a32e0ab58f0","2666.66","No"
"0xe191815aca9fec6aff36300534a9c467f48df124","1868.8249014446","No"
"0xe250ddb54f2d7ffee69f79773b7216b7e2787d96","2779","No"
"0xe27f06199ada03eb6707c31c7b04ae209746f63d","6350.759187076","No"
"0xe35b20f437395632ccfa02e36134e87579abb90e","2222","No"
"0xe3b8abd9dac68ef06c2680115aa16576db5dc0da","5002","No"
"0xe42f651bfb19c528f4d0be314ce52427684c9b44","3333.33","No"
"0xe443624ffacd5d26acd38488cee8a395443e44f3","2666.66","No"
"0xe4c80ad5e3de3ae4faa67dde7d1a148d32c28a13","4113","No"
"0xe54d197b45e539c57a4095877c733ffc0dcc7b5a","4976.16110058593","No"
"0xe55c9840eb6ba1c75160ed611e3c72bc438dca54","2666.66","No"
"0xe684d3eea90bd01e7fc3283f027b4160c5011083","9.024099855841E-06","No"
"0xe6bf6a74c6d48645e2a305e0ce79a87993861d79","5001","No"
"0xe6e92b68586e89ee4c9aabdb5265a3d8f8c98035","1333.33","No"
"0xe7040b2d6a11cb099d44492a527530cc2bc304fa","2666.66","No"
"0xe881a382860d7615ec032c7f5bf216d3cb932062","116.062557022931","No"
"0xe903fe4531e9dc5f7c5f2b3f5cd72c1c351a14d7","1390","No"
"0xea20052a0036c9e096b4fc4034c837bfdf50df60","2779","No"
"0xeaa09073eb9ab4bbc05f2d0a4b72873dc07c1c21","74133.6262199779","No"
"0xeaae156409cde9750612721bef201aa265c6b416","5648.90016834623","No"
"0xeae020457249d82488dceb45eb8e76258c6b4d61","11250000","No"
"0xeaf0b197032836791c532eafd9faf7811bf11c26","7.3333788471124E-05","No"
"0xeb2f8e4d0c92f3352c704fa647ff7b17630c454c","8.41692524422941","No"
"0xeb55f0bdcdbfb1eecf13a4a867410b9830ab1e34","2666.66","No"
"0xeb7e58ffd84e82ed5171c29927e7babcb36579c5","3600","No"
"0xeb8b171c60c7438ad75496435787a13345e21d94","3224","No"
"0xebb8be69ac9e0fc0c9e3c6841d0dc0d1a5927c18","2666.66","No"
"0xebc9b73e6cef821277d87be2937504ff94169d9f","0.54527","No"
"0xebe7b3d7b43fecdd6aee650a4a51bbd64fd9c35a","69.4101227164692","No"
"0xec791c770887516665710aff323479a35c0caa3f","3333.33","No"
"0xed2797337f4214ed1c527ddebe8349aa5b132744","7636.82665682834","No"
"0xed519affc70e73af9ec7bfb169cfb17e1e4ff0e9","200","No"
"0xed5edc56b8c0587fe0f9485de7f0ebf8568c5969","7042.53636406245","No"
"0xedb1863188ed3c3439d31becdfa9d46eea3df168","2640","No"
"0xee123dff1153c31a7aac52051bed3f0f1a29a81e","1.9513663490785E-05","No"
"0xeeace7f5c80f374d60ff08715a753ca969c10789","154.396577890823","No"
"0xef178586df4b8524ef9c57f3ee7f0e5cc9fbc87d","1390","No"
"0xef5819142f25f642075cc16e6f390a90d8a8f2ce","3333.33","No"
"0xef8c31c5221a6f374b5be61462644c845ef8a397","2666.66","No"
"0xefbd47e355be7ccb5ade1d221b0db90ef0dbbeb0","3372.00021859441","No"
"0xefc963e6b8423faa918ee52f1f9ab4712293f800","3.6469034806203E-05","No"
"0xefd1c395d9bd6bece1fb747c802423504c12e83a","1269.03411517016","No"
"0xf05934bdc3adfe2c990a52f994bd1f10dfa3be2e","2779","No"
"0xf05e8c21185e0be148a8f864ba035e50a9bd6f20","1982.42233369859","No"
"0xf08a0042b31990e3abbdc943ff438296bb02b1eb","8058.03553415413","No"
"0xf09ac3760b7dcee91d460ff6f455074208a794b3","3846","No"
"0xf0ea58b65c82c48ce69f0abd68d178e7764c4ba2","2666.66","No"
"0xf0ee4cc40acb5469724259f44d93705e5a078cc9","19121.8915562393","No"
"0xf12ed91daca792721eb7d5b0e674c38d079d7834","4558","No"
"0xf141fd26e44c3563df0d226b62fbec6524ca03e5","13096.933905913","No"
"0xf1cdd18b006e63cdde0aa1d0ca84fddedc3a49e2","28665.010424818","No"
"0xf1ecf0b11cb28e89a64014157227a8bacc1d8bc0","2666.66","No"
"0xf26fe0b1e973bb24dea917766669aee534b09f36","4335.28682449314","No"
"0xf2718cd48624eec9dcc7ef2361fc7689b0bc5684","3402","No"
"0xf2a3d2f170652eb6382c3787bb2d01260e0dbbd1","19484.0757007388","No"
"0xf32ccd6074d24d70be5b76c8dea02835179d0bfd","4192.420909","No"
"0xf32f69b81661f66c463ee6330b815744dcbf5656","2779","No"
"0xf3370f962ad1ed4f7681ff4cd140405d5043ec4b","36810.1849916451","No"
"0xf38df4e0c9029abd0644b9f01c0a5797656d3e7e","6.2139377592045E-05","No"
"0xf3b1b489656b04f815c98224a051db96cb523aa2","2666.66","No"
"0xf401da5850c1c4a13fe9243ecb48cededfabeede","2779","No"
"0xf411e8528032ce129c475a5b481542afbdf64f53","3123.360909","No"
"0xf52dcab0fb496499c9eba11cd364383007483216","2779","No"
"0xf54064a3f2b4fef9fd0c39153f627fbd83c7a570","2783.12619362373","No"
"0xf572a8f035bd85fbdd57586527b1d8dbd6694440","4056.66","No"
"0xf5b2dc37603f0890ef21bcb1d710e3eb1633d17d","3667.81167988703","No"
"0xf5c0f439e0c2110d714d5f8ade780d178a7fddc7","223.156958258853","No"
"0xf66005e3fd85d4e7e6293b96fcf9eadd32c56cd2","6750000","No"
"0xf72305783f0f0ab7be43b19076711312626f39ce","3333.33","No"
"0xf76001a5135cb65e6a8cdad4cc5bbf93339269a8","2049.42709642562","No"
"0xf7d2c9a3ef4f5a62a2bc0a073bc506ff98d7b892","3402","No"
"0xf893e5d5e57a08ea9aab2e2c6a351aa21e82d8b7","3838.60059403619","No"
"0xf8c219124e424a3959221bfa8eb589cb7dc6a06d","0.671915029374907","No"
"0xf98349e89db6170143bd262f80f628d166d073bc","0.0820771806345404","No"
"0xf99712286cff13520a9af0d49b96edaa09f5240f","107.873284933826","No"
"0xfa3c80975d633d38c383d47f4b6853ba28e2e091","3250.66","No"
"0xfa55508b1c998c5909ac8953a3f0f79a316987d6","2779","No"
"0xfa6452a87e078b3583c4a73c0c5e54ec9c97e30a","2222","No"
"0xfa9b79973840f8014b28c6ab43c987da916e4319","2779","No"
"0xfaaf6324666971cab93023654405188258ea898c","3209.98874579689","No"
"0xfb192b58226ef37919ed7629ca6b6e86137cade9","2384.2665806981","No"
"0xfb841c31efbd1bff1945870b4fac6926a881c908","10000.855833169","No"
"0xfcd0c5d0a357eaa4ec5069ec090002c75a649bc2","16159.0909","No"
"0xfd41202e646ae53549362a92f8ce260e5c2d4e47","938","No"
"0xfe0aa485b21f22247c385a82485ccbf1c4bbbc91","100020.500371153","No"
"0xfe51eb0d8e7c1e81cdc03655e61e7e0c17204190","2868","No"
"0xfe54d971803073f923c65cae2b1179301893eeb7","2666.66","No"
"0xfef9adada85f887ed7029ffbeb4b522d257a9661","28368.6293352331","No"
"0xff3a9ce48d930081026287d9a9998dd6452693e5","224.544297905147","No"
"0xff3c0aff23fa53ddb807674bf3910001a054c0aa","3391.57745325891","No"
"0xff3e828f2952169f4f16bb4fd41ddcda7a389bae","2666.66","No"
"0xff8f6f4accc8fe7db1940f9799e4e7ca4f476616","4056.66","No"
"0xffc8bc93e6ba35a0c01b3985db6fa7203021da7c","11419.9636588147","No"
